Workbook

Sheet แนะนำ
B2: Test Report — Gym Member Management System (Group 28)
B3: สรุปผลการทดสอบ Unit Test ของ Service Layer
B5: วัตถุประสงค์ | C5: ตรวจสอบว่า business logic ใน Service Layer ของระบบจัดการสมาชิกฟิตเนสทำงานถูกต้อง ก่อนส่งมอบงาน
B6: ขอบเขตการทดสอบ | C6: 6 คลาส: Member, Membership, MembershipPlan, Trainer, MemberInfo, TrainingSession (ไฟล์ *ServiceImplTest) รวม 57 เทสเคส
B7: วิธีการทดสอบ | C7: Unit Test ด้วย JUnit 5 และ Mockito (จำลอง dependency ของ service) ไม่ต่อฐานข้อมูลจริงและไม่เปิดเว็บเซิร์ฟเวอร์ เพื่อให้รันเร็วและผลคงที่
B8: คำสั่งที่ใช้รัน | C8: cd code && ./mvnw test -Dtest='*ServiceImplTest'
B9: สภาพแวดล้อม | C9: Java 21, Spring Boot 4.1.1, Maven Wrapper, Maven Surefire 3.5.6
B10: วันที่ทดสอบ | C10: 10 ตุลาคม 2026
B11: เกณฑ์ผ่าน | C11: ทุกเทสเคสต้องได้ผล PASS (Failures = 0, Errors = 0) และ Maven แสดง BUILD SUCCESS
B12: ผลโดยรวม | C12: BUILD SUCCESS — ผ่าน 57 จาก 57 เทสเคส (รายละเอียดดูชีต "สรุปผล")
B13: หมายเหตุ | C13: การรัน ./mvnw test ทั้งโปรเจกต์ จะมี MembershipApplicationTests (ตรวจว่า Spring context บูตและต่อ DB ได้) เพิ่มอีก 1 เทสต์ รวมเป็น 58 รายงานนี้นับเฉพาะ 57 เทสเคสของ service
B15: แท็บในไฟล์นี้
B16: สรุปผล | C16: ตัวเลขรวม ตารางแยกตามคลาส และกราฟ (คำนวณด้วยสูตรจากชีตรายละเอียด)
B17: รายละเอียดเทสเคส | C17: รายการเทสเคสทั้ง 57 ข้อ พร้อม Test ID คลาส และผลลัพธ์

Sheet สรุปผล
A1: สรุปผลการทดสอบ
A3: Total tests | B3: =COUNTA(รายละเอียดเทสเคส!A2:A58) -> 57
A4: Passed | B4: =COUNTIF(รายละเอียดเทสเคส!E2:E58,"PASS") -> 57
A5: Failed | B5: =COUNTIF(รายละเอียดเทสเคส!E2:E58,"FAIL") -> 0
A6: Pass rate | B6: =IF(B3=0,0,B4/B3) -> 1
A9: Test Class | B9: Tests | C9: Passed | D9: Failed | E9: Pass rate | F9: เวลา (วินาที) | G9: สถานะ
A10: MemberServiceImplTest | B10: =COUNTIF(รายละเอียดเทสเคส!$B$2:$B$58,A10) -> 14 | C10: =COUNTIFS(รายละเอียดเทสเคส!$B$2:$B$58,A10,รายละเอียดเทสเคส!$E$2:$E$58,"PASS") -> 14 | D10: =B10-C10 -> 0 | E10: =IF(B10=0,0,C10/B10) -> 1 | F10: 0.549 | G10: =IF(D10=0,"PASS","FAIL") -> PASS
A11: MembershipServiceImplTest | B11: =COUNTIF(รายละเอียดเทสเคส!$B$2:$B$58,A11) -> 9 | C11: =COUNTIFS(รายละเอียดเทสเคส!$B$2:$B$58,A11,รายละเอียดเทสเคส!$E$2:$E$58,"PASS") -> 9 | D11: =B11-C11 -> 0 | E11: =IF(B11=0,0,C11/B11) -> 1 | F11: 0.063 | G11: =IF(D11=0,"PASS","FAIL") -> PASS
A12: MembershipPlanServiceImplTest | B12: =COUNTIF(รายละเอียดเทสเคส!$B$2:$B$58,A12) -> 7 | C12: =COUNTIFS(รายละเอียดเทสเคส!$B$2:$B$58,A12,รายละเอียดเทสเคส!$E$2:$E$58,"PASS") -> 7 | D12: =B12-C12 -> 0 | E12: =IF(B12=0,0,C12/B12) -> 1 | F12: 0.016 | G12: =IF(D12=0,"PASS","FAIL") -> PASS
A13: TrainerServiceImplTest | B13: =COUNTIF(รายละเอียดเทสเคส!$B$2:$B$58,A13) -> 7 | C13: =COUNTIFS(รายละเอียดเทสเคส!$B$2:$B$58,A13,รายละเอียดเทสเคส!$E$2:$E$58,"PASS") -> 7 | D13: =B13-C13 -> 0 | E13: =IF(B13=0,0,C13/B13) -> 1 | F13: 0.02 | G13: =IF(D13=0,"PASS","FAIL") -> PASS
A14: MemberInfoServiceImplTest | B14: =COUNTIF(รายละเอียดเทสเคส!$B$2:$B$58,A14) -> 12 | C14: =COUNTIFS(รายละเอียดเทสเคส!$B$2:$B$58,A14,รายละเอียดเทสเคส!$E$2:$E$58,"PASS") -> 12 | D14: =B14-C14 -> 0 | E14: =IF(B14=0,0,C14/B14) -> 1 | F14: 0.026 | G14: =IF(D14=0,"PASS","FAIL") -> PASS
A15: TrainingSessionServiceImplTest | B15: =COUNTIF(รายละเอียดเทสเคส!$B$2:$B$58,A15) -> 8 | C15: =COUNTIFS(รายละเอียดเทสเคส!$B$2:$B$58,A15,รายละเอียดเทสเคส!$E$2:$E$58,"PASS") -> 8 | D15: =B15-C15 -> 0 | E15: =IF(B15=0,0,C15/B15) -> 1 | F15: 0.04 | G15: =IF(D15=0,"PASS","FAIL") -> PASS
A16: รวม | B16: =SUM(B10:B15) -> 57 | C16: =SUM(C10:C15) -> 57 | D16: =SUM(D10:D15) -> 0 | E16: =IF(B16=0,0,C16/B16) -> 1 | F16: =SUM(F10:F15) -> 0.714 | G16: =IF(D16=0,"PASS","FAIL") -> PASS
A17: หมายเหตุ: ตัวเลขสีน้ำเงิน (เวลา) คัดจาก log การรัน Maven ของคลาสนั้นโดยตรง ส่วนจำนวนเทสต์/ผ่าน/ไม่ผ่านคำนวณจากชีต "รายละเอียดเทสเคส"
A18: ผลโดยรวมจาก Maven: BUILD SUCCESS, Tests run: 57, Failures: 0, Errors: 0, Skipped: 0

Sheet รายละเอียดเทสเคส
A1: Test ID | B1: Test Class | C1: Service ที่ทดสอบ | D1: ชื่อเทสต์ (method) | E1: ผลลัพธ์ | F1: หมายเหตุ
A2: TC-001 | B2: MemberServiceImplTest | C2: Member | E2: PASS
A3: TC-002 | B3: MemberServiceImplTest | C3: Member | E3: PASS
A4: TC-003 | B4: MemberServiceImplTest | C4: Member | E4: PASS
A5: TC-004 | B5: MemberServiceImplTest | C5: Member | E5: PASS
A6: TC-005 | B6: MemberServiceImplTest | C6: Member | E6: PASS
A7: TC-006 | B7: MemberServiceImplTest | C7: Member | E7: PASS
A8: TC-007 | B8: MemberServiceImplTest | C8: Member | E8: PASS
A9: TC-008 | B9: MemberServiceImplTest | C9: Member | E9: PASS
A10: TC-009 | B10: MemberServiceImplTest | C10: Member | E10: PASS
A11: TC-010 | B11: MemberServiceImplTest | C11: Member | E11: PASS
A12: TC-011 | B12: MemberServiceImplTest | C12: Member | E12: PASS
A13: TC-012 | B13: MemberServiceImplTest | C13: Member | E13: PASS
... A58: TC-057 | B58: TrainingSessionServiceImplTest | C58: TrainingSession | E58: PASS
A60: ช่องสีเหลือง = ชื่อ method ของแต่ละเทสต์ ให้กรอกเพิ่ม (ดึงรายชื่อได้จาก code/target/surefire-reports/*.xml) ช่องผลลัพธ์เลือกได้: PASS / FAIL / SKIPPED
